,Unnamed: 0,op_id,op_type,suc,CPU_B,CPU_S,GPU,"['CPU_B', 'CPU_S']","['CPU_S', 'CPU_B']"
0,0,1,1,[2],8837.905,21245.269,17919.523,[1262.7074619625046],[763.9464492033925]
1,1,2,2,[],719.798,1812.304,973.675,[315.67686549062614],[190.98661230084812]